Evidence ID,File/path,SHA-256,Collected/received (UTC),Handler,Notes
EV-001,"evidence/00_before_tests.txt",7155364685eeea9d109482794cfde8a631a4f1ec2b23f8b4545ff50a6b4b5116,2026-10-02T10:15Z,Firdaws Alnuur Mohammed,Generated by me during the labs
EV-002,"evidence/01_lab2_tests.txt",b3930e4b17d0887af5de9d07dd370cc177f371f764500ef4311349930affa7af,2026-10-02T10:19Z,Firdaws Alnuur Mohammed,Generated by me during the labs
EV-003,"evidence/02_lab3_tests.txt",7a8a2d37e09a746913335baf87884408992bde26696fc3aab142405026253d69,2026-10-02T10:22Z,Firdaws Alnuur Mohammed,Generated by me during the labs
EV-004,"evidence/03_lab4_tests.txt",dd0670087ce03d359d23b653b7f90a0bce848401f8f218e493c0174b0cace6a7,2026-10-02T10:23Z,Firdaws Alnuur Mohammed,Generated by me during the labs
EV-005,"evidence/capstone/audit_chain_check.txt",975f95d04ac1eecf9b88ee422fed4d1e176adac4e4bc35586aee0c2ba9ce309a,2026-10-02T13:29Z,Firdaws Alnuur Mohammed,Generated by me during the labs
EV-006,"evidence/capstone/audit_log_pipeline_run.jsonl",8c59774654cd26050116991a9aab5116674d5e52613d9451a68042ab004bf1ff,2026-10-02T13:29Z,Firdaws Alnuur Mohammed,Generated by me during the labs
EV-007,"evidence/capstone/audit_log_with_approvals.jsonl",388f9e5f291360f9862b96e5f4f7e63394d965220adbfdf2005306d4e1981403,2026-10-02T13:29Z,Firdaws Alnuur Mohammed,Generated by me during the labs
EV-008,"evidence/capstone/decisions.jsonl",25f68e24a14c3dd69a365aecc9b1770bfc4ec0e3caf951864530268fb897315f,2026-10-02T13:29Z,Firdaws Alnuur Mohammed,Generated by me during the labs
EV-009,"evidence/capstone/incidents.json",064d8be8665188d49467d041389cd327dd712aa02a98fa52b62a102f936d2c5c,2026-10-02T13:29Z,Firdaws Alnuur Mohammed,Generated by me during the labs
EV-010,"evidence/idempotency_ledger.json",2b44a890607b1f0eeb3d7a9ff990df60261f115a37f78fafc79dae12453ddc5d,2026-10-02T11:03Z,Firdaws Alnuur Mohammed,Generated by me during the labs
EV-011,"evidence/lab4_ai_analysis_offline.json",b72e8a540a59ebd6cc026f7b9530cbb472a123417da6bb177b8d76dd2663996e,2026-10-02T12:04Z,Firdaws Alnuur Mohammed,Generated by me during the labs
EV-012,"evidence/lab4_ai_analysis_ollama.json",01f425d6a6f752db3f9b76d906d781f27aa389030d5f003aa523ac99138c2703,2026-10-02T12:01Z,Firdaws Alnuur Mohammed,Generated by me during the labs
EV-013,"evidence/lab4_ai_analysis_ollama_FALLBACK.json",b47d513c455cc10240ae8c9622d1f27813f1171367b366857612316b61a774f5,2026-10-02T13:03Z,Firdaws Alnuur Mohammed,Generated by me during the labs
EV-014,"evidence/lab4_comparison.md",4781ff0e377b0c61020601fef3b12de9e6d7c2e592e14a3b3e05d72d5e2b8a78,2026-10-02T13:04Z,Firdaws Alnuur Mohammed,Generated by me during the labs
EV-015,"evidence/lab4_injection.txt",a55dada4093d64d377256b9cff3e937ccd3ad30d3e445cd64c0e951b08b143d1,2026-10-02T11:25Z,Firdaws Alnuur Mohammed,Generated by me during the labs
EV-016,"evidence/lab4_ollama_list.txt",6ec0d6ed2d16eff6810633f04cbe068660ad2323ec9cfba6ccc9567a7327bfd1,2026-10-02T10:56Z,Firdaws Alnuur Mohammed,Generated by me during the labs
EV-017,"evidence/lab4_threshold_experiment.txt",45ebb90a71443cae5115811f4b6e0fee79b286446ec6761e80e9ed9a8d11feec,2026-10-02T12:15Z,Firdaws Alnuur Mohammed,Generated by me during the labs
EV-018,"evidence/lab5/approved/audit_log.jsonl",c5e5030e023c2a24e27eedd1068a232f9329803dd0e9af6fb34889b4535521ec,2026-10-02T10:46Z,Firdaws Alnuur Mohammed,Generated by me during the labs
EV-019,"evidence/lab5/approved/incidents.json",0aba6aed60651c0d2fece5e16a2284b1efd917eae86cf510f7e343143103e387,2026-10-02T10:46Z,Firdaws Alnuur Mohammed,Generated by me during the labs
EV-020,"evidence/lab5/audit_log.jsonl",99dc2f3348ce199759cf08555024c376d76a974b5c7fe48aaa91c35aaa15da70,2026-10-02T10:42Z,Firdaws Alnuur Mohammed,Generated by me during the labs
EV-021,"evidence/lab5/decisions.jsonl",005640e961e94abf8990d2584f9b30784852c8c44121c492a5a6d9a68276b89c,2026-10-02T10:42Z,Firdaws Alnuur Mohammed,Generated by me during the labs
EV-022,"evidence/lab5/incidents.json",af55779005e5f8aeb46a5cb6b7ee64f00544a12765870f7dc6c9abd586b13946,2026-10-02T10:42Z,Firdaws Alnuur Mohammed,Generated by me during the labs
EV-023,"evidence/lab5/pending/audit_log.jsonl",e21abddbc6585628d80400bc060a394b06d7d4c643cadf5a36c69db0454a500f,2026-10-02T10:46Z,Firdaws Alnuur Mohammed,Generated by me during the labs
EV-024,"evidence/lab5/pending/incidents.json",af55779005e5f8aeb46a5cb6b7ee64f00544a12765870f7dc6c9abd586b13946,2026-10-02T10:46Z,Firdaws Alnuur Mohammed,Generated by me during the labs
EV-025,"evidence/lab5_failure_tests.txt",a761ab01be55a6e9c7767741092fadd9bff021d43d335305d8f73e1e7fe7a16e,2026-10-02T10:41Z,Firdaws Alnuur Mohammed,Generated by me during the labs
EV-026,"evidence/lab5_idempotency.txt",6cf425ebfe433bc105121db8db68604378e140621841791b592e0199ea01b049,2026-10-02T11:03Z,Firdaws Alnuur Mohammed,Generated by me during the labs
EV-027,"evidence/lab5_planned_actions.txt",269f58d6e2d9c3458b7d0f27bc8ea0971a593ae9ce5ae8c27f8447a04dffc178,2026-10-02T10:36Z,Firdaws Alnuur Mohammed,Generated by me during the labs
EV-028,"evidence/lab5_two_dry_runs.txt",d94582ec22835127460a40ecae1c65f530d233b534d618b29a14a4bd23dd1ac6,2026-10-02T10:46Z,Firdaws Alnuur Mohammed,Generated by me during the labs
EV-029,"evidence/lab6_audit_chain.txt",d19b451965434cec8f3025740fa82018325c6609390791a94f54b11b191e089e,2026-10-02T12:27Z,Firdaws Alnuur Mohammed,Generated by me during the labs
EV-030,"evidence/lab6_metrics.txt",41a905e8356ce2bb22b9149f3da880de9e59a3429bdf415bed609fdaf5f29262,2026-10-02T12:27Z,Firdaws Alnuur Mohammed,Generated by me during the labs
EV-031,"evidence/lab6_tests.txt",3cfd2ef11273838897d6a42219b035debc370e20f244d4b3f07e71fcef030702,2026-10-02T12:27Z,Firdaws Alnuur Mohammed,Generated by me during the labs
EV-032,"evidence/lab7_audit_chain.txt",975f95d04ac1eecf9b88ee422fed4d1e176adac4e4bc35586aee0c2ba9ce309a,2026-10-02T12:34Z,Firdaws Alnuur Mohammed,Generated by me during the labs
EV-033,"evidence/lab7_audit_chain_v2.txt",975f95d04ac1eecf9b88ee422fed4d1e176adac4e4bc35586aee0c2ba9ce309a,2026-10-02T12:40Z,Firdaws Alnuur Mohammed,Generated by me during the labs
EV-034,"evidence/lab7_incident_summary.txt",bfa536b7428b01d0b70886d820ef0021d7a16b48c793bdaf5e754ecc425c71ca,2026-10-02T12:40Z,Firdaws Alnuur Mohammed,Generated by me during the labs
EV-035,"evidence/lab7_regression_metrics.txt",41a905e8356ce2bb22b9149f3da880de9e59a3429bdf415bed609fdaf5f29262,2026-10-02T12:40Z,Firdaws Alnuur Mohammed,Generated by me during the labs
EV-036,"evidence/lab7_run.txt",8b7d3b94c94e473bfb282460d9e92df9e21fb3f1760f1c5597e72fd2e5c4df65,2026-10-02T12:34Z,Firdaws Alnuur Mohammed,Generated by me during the labs
EV-037,"evidence/lab7_run_v2.txt",8b7d3b94c94e473bfb282460d9e92df9e21fb3f1760f1c5597e72fd2e5c4df65,2026-10-02T12:40Z,Firdaws Alnuur Mohammed,Generated by me during the labs
EV-038,"evidence/lab7_tests.txt",db4dc2e76b2f676404127ab7418f3e5d8b822530e3332c28b918122f5660368e,2026-10-02T12:40Z,Firdaws Alnuur Mohammed,Generated by me during the labs
EV-039,"evidence/metrics.txt",41a905e8356ce2bb22b9149f3da880de9e59a3429bdf415bed609fdaf5f29262,2026-10-02T10:24Z,Firdaws Alnuur Mohammed,Generated by me during the labs
EV-040,"evidence/screenshots/lab4_ai_analysis_ollama.png",278fb4172ba1f24186e53f8446c7a519634ccb4092d53f25a7393d6fc9f98ab8,2026-10-02T12:02Z,Firdaws Alnuur Mohammed,Generated by me during the labs
EV-041,"evidence/screenshots/lab4_fallback_timeout.png",b7301e482d047c8232bd1af941e6f47bee12700cf39bcb7c6d121e7631215326,2026-10-02T11:34Z,Firdaws Alnuur Mohammed,Generated by me during the labs
EV-042,"evidence/screenshots/lab4_injection_corrected.png",aa5bf633d3e9cd94e3ae6f6221d86b528c6b29eef47dc782c1ff32efb150e648,2026-10-02T11:34Z,Firdaws Alnuur Mohammed,Generated by me during the labs
EV-043,"evidence/screenshots/lab4_injection_first_attempt_SUPERSEDED.png",ec9377970cf062d3edeebc851e4426f5165073e8c14d81e9121715577b19db2e,2026-10-02T11:19Z,Firdaws Alnuur Mohammed,Generated by me during the labs
EV-044,"evidence/screenshots/lab4_offline_baseline.png",d15e1ac1d92e713aea0e92d53df93132b5a1a91aade21f04bad39d06e6974994,2026-10-02T10:58Z,Firdaws Alnuur Mohammed,Generated by me during the labs
EV-045,"evidence/screenshots/lab4_ollama_warmup_app_start.png",70d2ebdc75a34520f4adea39e06c60712b29cc8d6e5a7adbeeb165f2d3cdcfb8,2026-10-02T11:16Z,Firdaws Alnuur Mohammed,Generated by me during the labs
EV-046,"evidence/screenshots/lab5_01_critical_no_approval.png",3bdb5a620484cd14a622fbcd3c6b03e727913c4a16d53d0a52522c6825f64775,2026-10-02T10:35Z,Firdaws Alnuur Mohammed,Generated by me during the labs
EV-047,"evidence/screenshots/lab5_02_approve_deny_audit.png",d0121c620d85b1b5ff4058e7731767ca3fc658af26b56139c64bf35ab15f482d,2026-10-02T10:38Z,Firdaws Alnuur Mohammed,Generated by me during the labs
EV-048,"evidence/screenshots/lab7_capstone_soar0006_selected.png",bdf58ae3cfa00b8839e60b1fe5cfa6d4f86089cb3faab80e404c0aa0bbe246c5,2026-10-02T13:29Z,Firdaws Alnuur Mohammed,Generated by me during the labs
EV-049,"evidence/screenshots/lab7_soar0006_approvals.png",6c9ef10d081ff3ea2170697ce657de0a2563723ca4c4914df1c114bd6c9dfb89,2026-10-02T13:29Z,Firdaws Alnuur Mohammed,Generated by me during the labs
EV-050,"evidence/training/audit_log.jsonl",65cfdf3efe10d50329577404a5c3f7f9b7fe9c8357e85c4b67bdc439462d6711,2026-10-02T10:24Z,Firdaws Alnuur Mohammed,Generated by me during the labs
EV-051,"evidence/training/incidents.json",af55779005e5f8aeb46a5cb6b7ee64f00544a12765870f7dc6c9abd586b13946,2026-10-02T10:24Z,Firdaws Alnuur Mohammed,Generated by me during the labs
EV-052,"lab_data/DATASET_MANIFEST.json",479662bd2d8ad2e388ee94afda2291282152dbb88bba7e5cd953711fb390d10b,2026-09-04T05:23Z,Firdaws Alnuur Mohammed,Original course dataset, not modified
EV-053,"lab_data/capstone/DATASET_MANIFEST.json",dae2f890297e3491c1944e07e0232f04c0c2114487a5776cb58f8b1ccd6aa3d6,2026-09-04T05:23Z,Firdaws Alnuur Mohammed,Original course dataset, not modified
EV-054,"lab_data/capstone/common/assets.csv",81e9c9c007cbc48b0181a6cfe9d3819143362d775b5165c46616849903467eb7,2026-09-04T05:23Z,Firdaws Alnuur Mohammed,Original course dataset, not modified
EV-055,"lab_data/capstone/common/identities.csv",c54fcc7d97a88dc17a2f0e2bbdb6259b97df57bac233112ed399927683a4f6c0,2026-09-04T05:23Z,Firdaws Alnuur Mohammed,Original course dataset, not modified
EV-056,"lab_data/capstone/common/threat_intel_stix.json",d8f29fb9b04c954a31196b3808ce6fd9e2890f7c921b0fea655a4b613df498d1,2026-09-04T05:23Z,Firdaws Alnuur Mohammed,Original course dataset, not modified
EV-057,"lab_data/capstone/events.jsonl",72044633f35a172d98267f14a42b25e4bc519e207d313e09582eb91c26c65bbb,2026-09-04T05:23Z,Firdaws Alnuur Mohammed,Original course dataset, not modified
EV-058,"lab_data/common/assets.csv",81e9c9c007cbc48b0181a6cfe9d3819143362d775b5165c46616849903467eb7,2026-09-04T05:23Z,Firdaws Alnuur Mohammed,Original course dataset, not modified
EV-059,"lab_data/common/identities.csv",c54fcc7d97a88dc17a2f0e2bbdb6259b97df57bac233112ed399927683a4f6c0,2026-09-04T05:23Z,Firdaws Alnuur Mohammed,Original course dataset, not modified
EV-060,"lab_data/common/threat_intel_stix.json",d8f29fb9b04c954a31196b3808ce6fd9e2890f7c921b0fea655a4b613df498d1,2026-09-04T05:23Z,Firdaws Alnuur Mohammed,Original course dataset, not modified
EV-061,"lab_data/training/DATASET_MANIFEST.json",ae67d43f209bee9e2a98973006d4ac42c5e9c12cbacf1d84a7997235bdc54aef,2026-09-04T05:23Z,Firdaws Alnuur Mohammed,Original course dataset, not modified
EV-062,"lab_data/training/common/assets.csv",81e9c9c007cbc48b0181a6cfe9d3819143362d775b5165c46616849903467eb7,2026-09-04T05:23Z,Firdaws Alnuur Mohammed,Original course dataset, not modified
EV-063,"lab_data/training/common/identities.csv",c54fcc7d97a88dc17a2f0e2bbdb6259b97df57bac233112ed399927683a4f6c0,2026-09-04T05:23Z,Firdaws Alnuur Mohammed,Original course dataset, not modified
EV-064,"lab_data/training/common/threat_intel_stix.json",d8f29fb9b04c954a31196b3808ce6fd9e2890f7c921b0fea655a4b613df498d1,2026-09-04T05:23Z,Firdaws Alnuur Mohammed,Original course dataset, not modified
EV-065,"lab_data/training/events.jsonl",d325d9e209be708bd1a3914e173c7145e1e398d5fad1f0953aec55914ad9fd9b,2026-09-04T05:23Z,Firdaws Alnuur Mohammed,Original course dataset, not modified
EV-066,"lab_data/training/ground_truth.csv",a3236efcf39ede8a97f6b40a1d741caddea496fb5de5430b80f1c120cb89df90,2026-09-04T05:23Z,Firdaws Alnuur Mohammed,Original course dataset, not modified
